<?xml version="1.0" encoding="UTF-8"?>
<project-private xmlns="http://www.netbeans.org/ns/project-private/1">
    <editor-bookmarks xmlns="http://www.netbeans.org/ns/editor-bookmarks/2" lastBookmarkId="0"/>
    <open-files xmlns="http://www.netbeans.org/ns/projectui-open-files/2">
        <group>
            <file>file:/home/v1n7/NetBeansProjects/farmacia_java_primefaces/web/listarProdutos.xhtml</file>
            <file>file:/home/v1n7/NetBeansProjects/farmacia_java_primefaces/src/java/modelo/Login.java</file>
            <file>file:/home/v1n7/NetBeansProjects/farmacia_java_primefaces/src/java/dao/ProdutoDAO.java</file>
            <file>file:/home/v1n7/NetBeansProjects/farmacia_java_primefaces/src/java/modelo/Produto.java</file>
            <file>file:/home/v1n7/NetBeansProjects/farmacia_java_primefaces/web/login.xhtml</file>
            <file>file:/home/v1n7/NetBeansProjects/farmacia_java_primefaces/src/java/dao/LoginDAO.java</file>
            <file>file:/home/v1n7/NetBeansProjects/farmacia_java_primefaces/src/java/controller/ProdutoController.java</file>
            <file>file:/home/v1n7/NetBeansProjects/farmacia_java_primefaces/web/homePage.xhtml</file>
            <file>file:/home/v1n7/NetBeansProjects/farmacia_java_primefaces/web/adicionarProdutos.xhtml</file>
            <file>file:/home/v1n7/NetBeansProjects/farmacia_java_primefaces/src/java/dao/FabricaPostgres.java</file>
            <file>file:/home/v1n7/NetBeansProjects/farmacia_java_primefaces/src/java/modelo/Funcionario.java</file>
            <file>file:/home/v1n7/NetBeansProjects/farmacia_java_primefaces/src/java/modelo/Usuario.java</file>
            <file>file:/home/v1n7/NetBeansProjects/farmacia_java_primefaces/web/manutencao.xhtml</file>
        </group>
    </open-files>
</project-private>
